{"type": "block", "layer": 2, "block": 0, "features": [{"geom": {"pts": [[42.68141004946659, 22.0564015548167, 0.868127047506366]], "w": 0.9997878662034615, "l": 0.9997878662034615, "d": 0, "dd": 0}, "mtl": 0, "prop": ["AUGUSTA"], "lh": 0.0}]}