{"type": "block", "layer": 3, "block": 0, "features": [{"geom": {"pts": [[-44.5882622639102, -23.754545861404445, 0.2614075158964575]], "w": 0.9997878662034615, "l": 0.9997878662034615, "d": 0, "dd": 0}, "mtl": 0, "prop": ["BRACARA"], "lh": 0.13413969582336246}]}